{"type": "block", "layer": 0, "block": 0, "features": [{"geom": {"pts": [[-34.71698113207549, -7.594339622640711, 0.0]], "r": 0.7036434186765842}, "mtl": 0, "prop": ["1", "Ізмір"], "lh": 0.0}]}